;CE 17:1;CE 20:2;Cer d18:1/18:0;Cer d18:1/20:0;Cer d18:1/24:1;Cer d18:2/24:1;DG 18:1_16:0;DG 18:1_18:0;DG 18:1_18:1;DG 20:4_16:0;DG 20:1_18:1;DG 20:1_18:2;DG 20:4_18:0;DG 22:4_18:1;FA 20:1;FA 24:1;Hex2Cer d16:1/16:0;Hex2Cer d18:1/14:0;Hex2Cer d18:2/16:0;HexCer d16:1/22:0;HexCer d16:1/24:0;HexCer d18:1/22:0;HexCer d18:2/22:0;HexCer d18:1/23:0;HexCer d18:1/24:0;HexCer d18:2/24:0;LPC 15:1;LPC 21:0;LPC 22:0;LPC 24:0;LPC 25:0;LPC 26:0;LPC O-16:0;LPC O-16:1;LPE 16:0;LPE 18:0;LPE 18:1;LPE 20:4;PC 27:1;PC 28:1;PC 28:2;PC 29:1;PC 30:3;PC 31:2;PC 33:5;PC 34:5;PC 35:2;PC 35:3;PC 36:7;PC 39:4;PC 39:7;PC 40:4;PC 40:8;PC 40:9;PC 41:2;PC 41:3;PC 41:4;PC 41:5;PC 42:10;PC 42:11;PC 42:2;PC 42:4;PC 42:8;PC 42:9;PC 43:2;PC 44:10;PC 44:12;PC 46:4;PC 46:5;PC 46:6;PC O-26:0;PC O-29:0;PC O-30:0;PC O-30:1;PC O-31:0;PC O-33:0;PC O-34:2;PC O-34:3;PC O-34:4;PC O-35:3;PC O-36:2;PC O-36:3;PC O-36:4;PC O-36:6;PC O-38:2;PC O-38:3;PC O-38:6;PC O-38:7;PC O-40:6;PC O-40:7;PC O-42:6;PC O-44:4;PE 32:0;PE 32:1;PE 34:1;PE 34:2;PE 35:2;PE 36:1;PE 36:2;PE 36:3;PE 36:4;PE 38:4;PE 40:7;PE O-36:4;PE 16:0p_20:5;PE O-38:4;PE 18:0p_20:4;PE O-38:6;PE 18:0p_20:5;PE O-40:6;PE 18:0p_22:6;SM 29:1;SM 30:2;SM 31:1;SM 32:1;SM 32:2;SM 33:0;SM 33:1;SM 34:3;SM 35:2;SM 35:3;SM 37:1;SM 37:2;SM 37:3;SM 38:6;SM 39:1;SM 39:2;SM 41:2;SM 42:2;SM 42:4;SM 44:3;SM 44:4;TG 48:0 (16:0_X_X);TG 50:0 (16:0_X_X);TG 50:1 (16:0_X_X);TG 50:2 (16:0_X_X);TG 52:1 (18:0_X_X);TG 52:2-1 (16:0_X_X);TG 52:2-2 (16:1_X_X);TG 52:3 (16:0_X_X);TG 53:1-1 (18:0_X_X);TG 53:1-2 (16:0_X_X);TG 53:7 (15:1_X_X);TG 54:2-1 (16:0_X_X);TG 54:2-2 (18:0_X_X);TG 54:3-1 (18:1_X_X);TG 54:3-2 (18:0_X_X);TG 54:4 (18:1_X_X);TG 55:2-1 (18:1_X_X);TG 55:2-2 (18:0_X_X);TG 55:3 (18:1_X_X);TG 55:4 (18:1_X_X);TG 56:2 (16:0_X_X);TG 56:3 (20:1_X_X);TG 56:4 (20:1_X_X);TG 56:5 (22:4_X_X);TG 56:6-1 (18:1_X_X);TG 56:6-2 (20:2_X_X);TG 58:3 (18:1_X_X);TG 58:4-1 (18:1_X_X);TG 58:4-2 (20:1_X_X);TG 58:6 (18:1_X_X);TG 60:2 (18:0_X_X);Class
1;6,55;22,4;63,8;65,7;771;148;228;28,8;255;23,3;2,78;2,55;56,3;2,11;665;166;22,6;12;39,6;24,4;14,8;368;63,3;166;494;55,7;104;3,68;27,9;39;4,52;15,3;120;96,6;108;151;80,9;80,4;34,7;2280;139;1440;64,8;204;153;431;9390;873;71,9;457;1500;358;868;35,6;28,6;215;189;54,9;310;64,8;57,7;33,6;167;91,2;4,92;16,7;22,3;3,05;2,67;3,85;17,8;16,8;252;90,6;150;128;2630;11500;337;560;2700;2280;22700;1140;2410;879;3930;3010;2130;846;560;85,7;10,9;9,66;559;1490;51,4;360;2750;692;1570;3690;348;1030;141;714;1940;683;370;538;966;4,85;12;45,4;2950;186;13,8;1850;80,3;145;54,5;949;2210;72,7;3,46;1680;697;2170;7420;1540;84,3;52,5;1390;417;6600;5730;901;9970;812;12600;9,03;7,95;22,6;123;653;4460;1100;4290;6,7;1,73;9,15;11,1;7,81;27,9;28,9;58,1;219;127;4,99;2,25;0,24;21,7;0,28;Control
2;5,28;27,8;29,8;47,4;539;109;102;17,3;179;9,7;2,28;2,58;34,2;1,86;1040;217;13,8;8,73;42,9;26,1;13;532;101;203;627;78,8;137;5,83;50,3;59,8;5,13;16,2;194;138;109;181;116;103;38,5;1900;149;1330;32,1;279;28,1;305;9720;1090;60,7;394;1560;475;764;19,1;37,1;233;199;64,3;168;24,7;118;51,1;296;119;6,07;10,6;8,55;4,35;5,31;5,16;17,8;12,4;190;74,4;100;104;2870;16500;216;921;4380;3280;28000;693;2120;1020;3490;2540;1440;759;663;87;7,11;11,7;399;1330;46;285;3030;1010;1220;3090;328;1340;96,3;593;2170;815;150;464;834;3,6;8,63;51,3;2530;212;12,1;1800;51,1;188;22;898;3470;43,7;3,13;1220;938;1910;7810;1620;97;58,5;559;122;1780;2100;276;5570;346;9100;5,68;4,11;18,9;81,7;415;4200;988;5480;5,05;0,99;10;14,1;8,76;34,1;54,8;31,4;225;97,9;8,26;3,98;1,12;19,7;0,37;Control
3;9,26;25,2;43,3;63,7;806;174;101;11,5;161;13,1;1,72;1,39;39,9;1,52;786;179;17,9;11,3;41,6;25,6;15,7;391;77,2;165;558;73,9;110;5,76;38;52,1;7,41;17,9;306;113;149;191;87,7;124;45,7;2470;205;1650;33,8;221;25,8;374;9620;1160;63;527;1400;492;968;69,8;36,5;212;171;64,7;278;103;94;51,4;283;105;4,88;10,3;23,7;4,3;5,96;4,77;25,9;13,9;228;123;164;138;3760;12400;403;541;3110;2530;28200;1140;2520;979;3390;2610;1860;658;625;115;10,1;15,7;409;1100;34,8;196;1850;544;1230;2970;275;963;136;417;1280;592;223;391;537;3,64;5,62;80,8;3110;259;17,5;1990;55,7;188;8,99;1200;2330;78,3;5,04;1480;464;2140;9140;1890;116;60;624;149;2970;3900;279;6470;330;10000;5,38;4,78;19,5;63,7;307;3550;702;4530;5,79;1,17;7,72;12,6;4,3;21,1;32,7;48,3;287;144;2,77;2,33;0,65;17,9;0,18;Control
4;8,01;18,8;50,7;47,8;553;133;226;28,8;388;21,1;3,53;4,38;54,1;2,93;1480;224;25,2;9,8;46,9;23,6;11,7;360;65,3;131;413;63,4;121;3,49;22,3;35;4,6;13,4;88,5;115;133;159;87;108;35,2;2280;143;1600;61;138;108;138;13200;1160;23,7;412;713;285;811;46,2;28;174;161;63,2;224;40;38,3;31,5;207;92,6;3,54;12;10,3;2,75;4,25;2,68;17,6;14,9;191;84,9;132;136;2500;10800;269;653;2120;2200;16400;740;2120;681;1690;2340;893;604;489;69,1;7,14;9,35;364;1230;55,5;281;2440;767;1230;2710;263;544;53,4;418;1820;317;131;303;633;3,51;4,93;63,6;2880;184;12,4;1970;73,6;179;34,6;912;2040;62,6;2,53;1420;709;1900;6510;1500;74,4;45,1;1620;570;7160;8510;1010;12200;1140;17700;21,1;12,9;24,3;168;994;8240;1900;11100;12,7;4,5;26,6;36,2;13,4;66,6;103;59,6;360;185;10,9;7,25;1,62;29,8;0,88;Control
5;4,52;28,6;46,5;61;480;107;356;41,7;417;32,6;4,14;5,79;64,2;5,93;776;169;19;8;53,9;22,3;11,6;507;65,8;178;700;71;78,1;4,79;57,6;75,7;6;23,4;96,7;79,1;121;174;80,5;102;23,2;1710;149;999;43,6;156;7,2;304;7520;1050;45,5;318;736;524;783;34,3;49,1;243;366;76,7;177;24,1;151;64,1;380;121;8,36;10,8;6,68;3,81;5,73;6,31;26,4;9,57;101;51,6;59,9;85,7;1760;8570;67,3;251;2000;1390;15500;192;1870;641;1550;1120;778;291;725;77,3;7,56;21,3;457;1930;47,2;330;3830;1010;1460;3550;245;415;15,3;349;792;328;40,9;209;249;2,97;4,44;32,9;2230;204;8,43;1250;48,5;126;4,07;596;1600;35,8;3,51;1120;451;1600;6550;1880;93,9;57,4;2580;784;10200;11900;1470;14500;1830;18900;14,3;8,41;31,6;243;1110;9280;2510;12400;9,45;2,72;19,8;28;16,6;60,2;105;125;564;321;10;6,45;1,31;43;0,84;Control
6;6,47;25,9;69,9;70,2;971;185;355;50,3;447;35;5,95;5,97;86;4,59;1260;219;27,5;5,06;34,9;40,1;20,9;402;51,1;143;504;47,7;87;3,64;35,2;46,3;5,05;17,6;109;95,2;99;161;67,3;66,3;32,2;2600;113;1280;33,6;108;19,8;185;7920;761;31,7;297;1120;348;653;34,3;31,7;217;166;58,6;196;31,8;63,3;38,8;237;72,5;4,28;9,93;10;2,34;3,02;2,6;16,9;10,5;145;50,9;76,6;73,5;1730;8020;164;372;2020;1530;17600;602;1670;663;2120;1910;993;438;545;78,7;8,11;14;434;1420;50,2;427;3290;868;1310;3380;329;688;39,5;366;1090;363;88,2;261;403;2,35;3,4;35,2;3300;153;9,47;1610;43,7;101;19,3;782;1480;35,7;2,57;1520;551;1480;9080;1500;88,2;41,5;1040;398;6080;7210;1200;15800;1360;20000;15,4;6,97;30;296;1600;10700;3740;12900;10,9;3,32;22,1;35,3;26,2;85,7;123;101;519;241;20;9,79;2,25;51,9;1,25;Control
7;18;35,5;42,5;58;793;165;138;21,3;253;16;2,78;5,2;49,3;3,54;387;136;21,4;11,9;48,7;36,5;17,6;543;86,7;233;703;83,8;114;7,22;45,2;61,8;7,81;23,4;119;123;169;197;89,9;85,4;48,9;2490;204;1560;84,9;318;93,5;804;16600;2050;63,3;508;1430;358;1260;86,9;29,2;156;156;131;320;135;76,9;37,3;250;123;7,19;14,4;37,4;4,52;5,33;5,48;27,9;20,8;257;100;179;170;2570;11000;239;754;2870;2530;17700;1740;2170;734;3670;3220;2140;960;470;66,3;12,9;20,1;483;1630;84,3;372;3030;874;1310;3110;484;988;299;623;1590;828;611;625;950;5,02;9,25;87;3060;255;16,3;1970;73,2;175;27,6;930;2170;61,9;5,25;1560;759;1930;6580;1610;102;61,4;1190;378;4860;6810;795;9990;1210;16700;16,5;9,91;32,1;152;718;5880;1810;8940;7,69;1,98;17,4;28;13,2;36,1;64,5;79,8;480;251;7,21;3,66;1,28;43,4;0,73;Control
8;5,96;24,2;38,3;66,4;532;118;222;31;478;12,5;5,87;4,39;39,5;3,73;1220;208;12,5;4,74;29,7;26,5;13,9;490;84,5;130;558;67,7;92,8;4,71;88,6;83,9;5,83;24,1;64,3;97,4;134;212;85,3;90,4;33,6;1900;124;1130;25,7;130;23,8;169;8560;1140;31,2;336;1100;582;1290;34,7;30,9;153;151;33,8;267;63,2;170;78,6;340;114;5,72;16,2;23,1;4,69;6,72;10,8;29,5;14,3;103;63,7;40,6;58,7;2680;13500;155;572;2290;2430;15900;980;1780;532;2290;3220;1070;731;339;47,1;12,2;29,8;692;3220;77,9;567;7500;2330;2720;6440;1020;592;159;255;1530;522;264;335;801;2,69;2,79;30,3;2470;161;10,4;1510;34,4;108;8,65;814;2790;38,1;3,71;1240;722;1690;5910;1340;78,8;46,5;1560;524;7370;9250;1200;15200;1380;19200;22,6;7,32;25,9;245;1370;13300;3020;16000;10,2;3,92;29,4;46,1;17,3;117;195;59,3;553;263;14;9,56;2,63;43,8;1,22;Control
9;3,89;25,9;27,6;39,3;473;90,3;99,3;14;155;13,7;1,44;2,67;39,6;1,77;549;130;15,2;3,5;38,9;25,9;12,9;440;78,1;156;556;62,7;62,1;3,41;37,6;51,6;4,13;14,2;70,6;64,1;76,2;94,7;45;66,6;27,4;1510;104;971;35,3;126;21;367;5890;656;82,1;391;1010;343;537;32,8;28,6;186;182;62,5;187;41,2;77,5;55,8;165;50,2;4,86;9,04;11,3;2,82;3,35;2,77;17,5;5,32;115;42,7;72,8;65,6;1710;6870;228;292;1920;1460;16700;584;1620;630;1840;1870;795;412;542;68,7;4,82;3,51;183;717;19,6;200;1750;351;660;2000;128;869;102;759;1360;382;135;353;443;2,75;3,43;37,5;1990;146;9,73;1300;24,5;103;12,5;612;1370;51,9;3,05;1040;491;1490;6600;1470;78,1;42,3;742;184;3250;4340;437;7110;655;13100;7,67;5,18;24,5;91,3;490;4760;1470;6610;5,04;1,42;9,35;16;9,85;33;52,3;51,2;291;151;7,75;4,14;0,53;24;0,5;Control
10;11,5;23,8;45,7;60,5;762;154;267;38,1;248;39,3;3,38;2,91;75,5;2,41;718;171;45,7;11,7;46,2;43,9;22,9;438;76,5;208;586;66,6;154;6,19;39,4;68,3;6,92;33,3;179;127;142;209;59,9;71,7;55,3;4120;180;1890;138;392;324;789;10700;1010;35,8;767;2130;412;739;68,4;29,5;198;173;48,2;212;105;80;46,2;208;95,1;5,37;12,4;25,6;3,5;5,1;7,12;32,1;24,7;442;70,6;308;158;2030;9780;806;567;2800;2150;24600;2920;2410;967;5950;3890;2490;1130;650;72,3;12,5;12,2;414;1300;56,9;325;2820;535;1340;3410;346;1330;305;889;2520;1020;1190;881;1330;5,08;6,24;98,2;4690;187;11,9;2220;147;170;112;1020;1770;153;4,77;2090;779;1980;6820;1690;86,3;67,4;1210;398;5510;6890;833;9920;1240;16200;14,1;7,36;26,4;134;866;5710;1950;6800;7,33;2,65;16,4;23,6;11,2;39,8;52,1;68,3;483;330;5,62;3,3;0,72;55,4;0,68;Control
11;12;25,4;66,1;48,7;938;168;309;46,8;549;30,2;6,32;7,26;101;6,09;1300;255;24,3;9,9;44,8;29,3;18,2;463;69,1;204;665;63,6;107;6,77;44,4;62,9;7,87;22,7;113;110;144;207;78,7;120;36,4;2480;171;1480;111;279;261;615;11600;770;32,7;729;1570;511;894;96,7;29,3;237;193;92;344;111;75,5;52,2;307;121;6,77;15,4;22,7;3,54;6,1;5,43;31,8;18,9;238;84,8;156;124;2390;7080;760;538;2360;1630;22200;1610;1830;982;3750;3030;2400;822;641;79,1;13;15,4;432;1020;45,4;321;2700;546;1460;4650;469;710;204;460;1950;555;639;341;852;4,43;5,21;72,6;2930;167;12,4;1830;122;138;61,8;795;1340;184;4,63;1130;551;1500;8140;1680;88,8;51,9;1360;473;7360;9700;1410;15900;1630;20600;21,3;15,6;34,4;259;1250;10600;2660;12900;12,7;4,35;26,8;49,8;17;74,5;109;120;770;426;10,2;9,8;1,62;73,6;0,55;Control
12;7,65;31,7;50,8;50,1;683;138;268;32,3;449;26,8;4,65;2,84;85,4;4,19;1230;201;20,8;12,9;60;21,5;12,3;548;74,9;130;682;65,7;92,9;4,17;39,7;61,8;4,78;18,9;118;99,8;143;178;97,5;126;31,9;2130;180;1430;55,4;185;6,33;570;11300;1360;109;544;1390;483;539;33,1;45,3;367;325;109;209;47,6;70,6;46,2;293;82,1;6,54;13,2;8,42;3,02;4,07;6,27;22;10,5;194;77,9;122;79;2940;10900;101;533;3230;2410;22800;622;2270;1240;2840;2490;1800;706;1070;140;10,6;26,9;501;1240;46,5;263;2280;492;1380;3200;236;720;61,2;542;1300;466;105;360;492;2,75;4,33;52,6;2520;223;12,4;1710;39,6;138;8,36;824;1990;57;3,43;1320;696;1760;7550;1850;79,7;55,2;1160;344;6260;7200;916;13300;765;16200;23,2;10,2;28,5;163;902;7410;1540;7550;12,3;3,17;22,3;27,1;8;41,4;43,8;107;446;214;4,3;3,38;0,33;26,5;0,36;Control
13;8,67;31,7;19,5;31,6;371;85,5;112;14,9;179;7,45;2,6;1,72;23,9;0,34;682;160;12,7;7,74;37,8;34,5;14,9;673;126;156;759;107;89,2;5,12;78;91,6;4,97;22,8;97,9;90,6;95;141;70,2;58,5;25,5;1660;152;1270;31,8;228;57,2;606;12200;1200;40,7;403;1450;453;1500;73,6;42,7;242;250;73,1;282;168;161;68;326;122;5,35;12,6;48,2;2,57;6,91;9,86;30,4;9,35;165;78,7;91,8;115;2570;11000;193;513;2930;2350;15500;1610;2010;680;3550;3030;1550;833;572;84,4;8,13;3,78;190;665;32,7;184;1600;460;473;1380;222;604;263;337;976;912;417;507;714;2,83;3,84;43,9;2080;197;13,9;1470;53,8;149;19,1;737;2070;37,9;3,08;1010;634;1550;5550;1380;84,6;56,8;544;136;2280;2450;309;5020;347;8140;6,08;4,06;18,2;63,8;384;3950;843;4780;5,18;1,09;11,3;13,9;4;30,7;40,8;12,3;188;77,1;4,75;2,96;1,16;15,2;0,22;Control
14;7,59;32,3;42,5;67,4;571;117;112;14,1;160;8,23;2,99;3,16;24,5;0,95;2490;248;24,9;9,15;46,9;33,2;16,9;494;82,1;102;569;64,8;80,9;5,54;95,8;132;6,84;35,2;100;80,5;161;203;114;104;40,1;2920;142;1650;76,6;341;169;226;11800;2250;23,1;398;1740;589;1500;35,9;54,6;299;282;50,9;258;142;300;77,7;549;130;8,77;17,6;34,3;4,6;6,72;17,8;44,4;15,9;273;68,3;170;125;2830;12200;288;520;3080;3050;16400;844;1390;761;4900;2940;1780;927;470;92,2;15,9;13,9;394;2620;84,4;236;4250;1200;1390;2620;421;503;91,4;197;809;662;268;377;766;3,56;4,69;38,7;3370;164;9,78;1850;80,1;128;52,3;787;2100;56,6;3,63;1290;617;1300;5330;1390;86,3;54,2;679;132;2420;3340;249;5160;348;10500;3,2;5,24;21,7;64,9;309;3750;1070;5740;4,25;0,55;9,3;17,2;3,78;26,2;57,7;16,3;179;77;3,95;2,75;0,73;13;0,19;Control
15;3,22;17,7;39,4;49,1;648;143;181;19,4;303;23,5;2,82;3,12;79,6;2,84;857;215;15,1;6,97;41,4;15,2;9,7;303;57,5;123;374;53;76,4;5,24;29,6;40,1;3,44;14;98,4;83,3;143;184;139;200;15,8;1190;110;785;35,3;20,9;4,27;320;6060;888;57;428;857;411;636;48,3;28,8;177;194;92,9;153;32,8;58;41,8;394;81,1;4,5;10;6,47;2,68;4,59;2,95;17,9;3,66;64,7;39,4;41,3;69,3;1760;5850;160;161;1760;1080;17600;257;1560;698;1400;1060;647;265;719;89,3;9,93;15,1;354;1110;41,6;252;2420;944;1170;3350;299;474;17,4;316;896;315;38,4;161;228;2,37;3,55;27,7;1450;140;6,18;965;21;92,7;5,49;608;1070;17,5;2,72;770;425;1300;6570;1800;79,6;46,5;700;177;3420;4340;328;8150;473;13700;6,38;3,02;20,8;73,3;451;6300;1280;8850;3,67;0,65;10,4;18,4;4,17;27,2;54,6;51,2;448;173;2,79;2,94;0,46;28,8;0,19;Control
16;6,89;23,8;39;60,2;677;162;189;28,6;303;16,5;3,15;2,93;56,3;2,45;704;165;24,9;11,9;52,3;31,1;14;401;73,3;109;477;56,6;91,5;5,37;52,8;64,9;4,37;19,8;117;94,3;76,1;140;56,5;65,4;58,3;2120;147;1280;53,1;337;13,2;421;13400;2040;19,5;583;1520;564;725;40,8;36,5;219;178;53,1;190;68,7;115;64,9;216;80,6;5,07;13,9;17,1;3,27;4;6,45;19,3;10,5;189;82,5;105;113;2540;10700;450;953;3550;2520;21400;1260;1870;920;4240;2600;2420;806;583;86,3;11;10,8;335;1070;57,8;317;2870;674;1100;3310;324;788;170;457;1340;666;342;445;685;4,07;8,47;57,7;2890;217;15,1;1840;40,7;174;14,4;979;2170;102;2,93;1270;539;1780;6450;1610;75,8;41,1;692;223;4020;4590;729;9480;734;13200;20,7;12,3;19,9;149;882;6400;1750;7340;15;3,67;27,3;32,9;12,2;52,5;60,7;50,6;341;200;10;4,75;1;30,3;0,63;Control
17;5,94;21,2;37,5;41,9;548;110;98,7;12,2;194;12,5;1,44;2,11;40;1,83;1020;155;18,1;11,4;40,8;28,9;15,3;356;84,5;206;488;70,7;116;4,87;33,1;42,2;4,6;15,1;103;114;137;181;68,8;97,5;31,2;1810;174;1130;52,6;84,9;38,6;517;10000;1260;27,6;467;1470;367;868;83;26,6;190;120;60,2;234;73;54,5;39,7;222;101;5,12;12,7;23,1;2,95;4,27;4,79;14,8;16,5;210;113;117;123;2840;10700;210;607;2240;2490;17100;1660;2000;678;3060;2910;1590;948;649;76,8;10,7;12,3;269;933;39,2;196;2000;567;1140;2760;374;461;219;293;1100;792;478;341;628;3,49;6,84;44,8;2520;257;21,3;1630;56,2;193;15,5;999;2320;41,7;3,49;1080;873;1990;7730;2000;97;57,4;611;146;2720;3670;307;6640;408;10900;8,5;5,51;22,9;73,5;420;4550;1040;6340;7,47;1,66;12,3;21,8;5,91;28,9;49,6;33,2;352;155;7,65;4,15;0,42;24,6;0,56;Control
18;5,95;19,8;54,6;53,8;710;137;134;15,1;184;14,1;1,37;2,35;30,1;2,06;1400;155;32,3;12,7;50,4;28,7;13,4;354;61,5;153;454;58,7;139;8,25;41,2;46,2;5,13;17,3;165;141;150;205;74,7;96,2;39,6;2580;140;1910;50,7;422;89,3;243;12100;1210;42,4;437;1550;408;903;33,2;27,8;219;173;58,5;228;44,1;72,7;38,5;286;88,8;5,37;16,4;19,5;1,73;4,54;3,63;19,6;14,2;281;111;173;123;3080;12400;522;854;3340;2960;23400;1320;2150;981;3780;3030;1720;1070;600;70,7;12,5;14,6;390;1490;44,2;191;2530;699;1600;3650;399;1140;172;678;2090;668;449;449;848;3,62;4,75;59,3;3340;189;18,7;2540;63,3;167;32,2;1050;2520;116;3,29;1550;877;1880;7220;2120;98,6;55,3;549;140;3300;4120;416;5740;393;9700;5,95;3,18;21,7;55,1;332;3370;774;4190;4,61;1,05;8,64;13,5;2,57;20,9;30,3;31,8;173;110;2,29;2,12;0,13;13,1;0,17;Control
19;7,12;28,8;37,8;47,9;708;175;344;34,1;445;21,6;4,27;5,99;61,1;2,14;891;134;18,9;6,79;37,9;29,2;16,9;397;75,3;174;521;66,3;109;7,53;44;56,4;6,34;15,9;131;128;210;267;95,1;107;54,7;2700;227;1370;55,2;311;55,7;700;11300;1750;32,8;517;1570;428;1370;118;33,7;134;132;48,2;233;96,1;103;35;484;142;6,95;13;27,8;2,62;4,4;7,29;20,8;15;268;56,7;152;108;1960;8180;461;409;2020;1700;16600;1280;2330;586;4980;2730;1430;828;487;45,2;13,7;29;556;2320;109;301;4750;1610;1850;4200;865;767;239;368;1180;622;512;403;797;4,29;7,15;75,6;3390;295;9,61;1780;61,6;154;48;816;1540;143;3,44;1570;666;2150;6730;1910;98,7;57,4;1570;433;7860;9940;1290;15000;1400;20300;14;6,76;29,6;196;1080;10700;3000;14900;8,31;2,73;25,7;51;9,31;63,8;122;78,3;694;341;5,93;6,05;1,86;51,6;0,77;Control
20;13,4;40,3;62,9;67,8;850;186;162;20,3;284;13,4;2,44;2,28;36,8;2,3;1480;223;24,9;15,8;60,5;41,3;20,4;470;101;220;624;95,3;75,8;4,82;29,7;41,6;5,67;18,8;76,3;81,1;130;186;64,4;77,3;58,7;3160;308;2000;47,8;153;18,4;294;12400;1450;26;416;1300;374;836;27,6;31,6;248;170;52,4;243;36,8;64,4;33,3;334;105;7,27;11,6;15,7;2,68;4,51;3,79;21,5;15;221;125;134;135;3350;11400;224;649;3040;2490;17800;507;3150;872;2350;2460;1430;592;597;101;11,3;23,9;538;2120;71,7;316;3870;965;1710;3870;390;462;47,5;258;891;407;70,2;314;471;5,3;17,5;71,8;3770;377;20,7;2350;76,7;205;7,79;1130;2080;47,8;5,96;1750;860;2640;8480;2820;128;79;885;228;5820;6890;602;11300;736;15900;10,3;6,55;28,8;136;851;7780;1850;9010;6,41;2,22;18,4;25,3;5,32;44,5;74,7;43,7;330;143;3,75;2,83;0,75;25,4;0,35;Control
21;8,63;31,9;36,6;47,6;678;174;74;8,25;128;9,33;1,36;1,33;25,5;0,95;439;132;13,4;10,4;43,2;34,4;20,7;520;114;275;725;107;98,5;5,77;36;52,9;6,54;21,2;107;100;106;156;61;77,9;58,1;2100;248;1570;55;315;91,9;566;14200;1660;66,4;602;1590;437;1440;42,6;36,6;193;192;59,7;266;119;81;43,8;319;114;7,22;21,2;41,2;4,12;7,68;6,59;25,2;13,6;240;101;153;131;3110;15400;310;1160;3660;3450;21100;1380;2860;888;3740;3920;2390;1380;535;74,8;6,62;5,53;238;1330;58,2;246;2810;753;1160;2800;331;2060;123;1670;2210;1520;395;920;1020;4,85;12,8;76,4;2640;321;19;1970;66;173;24,3;964;3020;69,8;5,92;1340;1010;2450;7520;2400;115;67,6;553;117;1870;3240;200;4370;408;10600;5,42;3,29;18,6;43,7;316;3340;1010;6210;3,58;0,67;10,8;17,5;3,9;18,6;39,5;23,7;181;82,9;4,19;3,92;0,35;14,1;0,23;Control
22;10,4;30,3;37,2;50;618;122;152;18,1;221;17,2;1,46;1,96;48,2;0,62;757;189;42,3;15,7;56,9;58,8;28,4;627;110;229;853;92,3;94,2;5;61,5;93,7;8,99;28,6;107;101;160;176;62,5;67,3;104;5220;366;2410;145;368;239;3150;14700;1440;109;529;2240;580;1600;131;59,1;408;428;109;403;282;136;62,9;372;153;9,02;19,9;48,2;3,12;7,76;13,3;36,5;25,9;513;157;227;155;3610;13800;386;518;3200;2260;19800;2320;3870;880;7980;4770;2530;1280;848;100;15,8;45,8;667;2110;73,9;295;3510;862;1700;3430;740;1110;379;565;1100;1450;749;780;1140;5,35;14,9;87,6;5670;405;23;2560;158;261;63,8;1250;2390;119;8,98;2610;745;3070;7190;2050;99,7;60,9;876;244;5150;6830;489;9700;709;15500;7,3;6,17;25,2;90,5;536;5050;1400;6830;7,09;1,74;14,4;20,8;6,88;24,2;41,6;42,9;405;172;3,56;3,64;0,18;25,3;0,27;Control
23;15;54,1;44,6;47,6;573;125;155;20,9;266;15,8;2,39;4,02;47,2;2,28;746;142;21,5;17,3;76,5;20,7;15,2;417;83,8;170;630;82,3;106;5,82;47,8;79,6;11,2;31,7;129;107;125;177;51,4;82,3;76,9;3090;339;2040;282;1130;1040;1030;16300;1220;57,4;749;2440;585;1490;85,6;44,3;288;232;99;386;202;119;67,2;403;161;7,18;20,6;40,8;4,77;6,61;10,6;40,7;25,8;407;89,2;180;115;3630;12900;1130;743;4400;3500;26200;1810;3660;1190;6770;4140;4270;1430;790;114;10,8;15,5;354;1620;61,3;216;3060;717;1670;4130;564;1430;316;937;3080;1200;1620;970;1770;4,47;7,85;69,3;3660;402;13,3;2410;311;273;158;1160;2320;262;12,5;1840;961;3110;9140;2710;163;102;679;192;3600;5410;560;10700;754;16200;9,6;6,79;34,3;141;692;7520;1740;9840;8,17;2,97;18,8;25,5;7,41;38,1;77,6;46,8;381;210;6,92;4,68;0,89;35,4;0,3;Control
24;6,13;40,9;25,9;39,7;375;80;156;17,2;314;14,4;2,97;3,51;50,5;3,12;1020;155;17,7;11,9;61,1;24,9;13,2;490;117;119;702;102;108;5,75;113;141;7,12;46,1;92,8;97,7;140;190;98,7;113;33,7;2260;315;1330;67,6;119;11,5;550;9880;1310;28,2;560;1150;951;845;48,1;48,8;300;232;75;231;69,7;256;141;443;111;8,61;14,8;8,93;9,88;11,1;13,5;40,6;9,67;147;88,8;79,8;63,4;3470;13100;218;497;2920;2770;20500;634;2410;819;1960;2090;1240;2700;618;161;10,9;25,3;530;1770;72,3;265;3210;997;1630;3750;338;311;46,6;214;850;319;81,3;251;325;3,63;10,1;48,3;2800;407;16,1;1590;51,4;190;10,9;909;2440;58,8;4,85;1150;775;2030;5920;1900;93,9;70,2;686;189;4030;5180;453;9880;549;15100;8,59;5,96;25,3;118;557;7310;1170;9740;7,59;1,62;16,8;20,1;6,33;50,1;76,7;56;356;193;6,38;4,34;1,3;32,8;0,29;Control
25;8,63;30,3;72,3;65;920;154;161;25,5;255;20,9;2,6;3,29;57,1;2,33;1280;177;30,3;13,9;83,9;29,6;15,3;512;83,1;209;608;72,9;103;4,22;25,2;39,7;6,72;17,2;127;106;108;160;55;78,9;61,9;3170;298;1940;61,9;231;24,5;665;11300;1190;106;595;1970;418;811;47,4;36,7;334;245;104;285;71,8;54,4;40,6;259;95,1;5,53;13,1;20,7;3,7;6,48;3,37;20,3;13,7;268;104;163;141;3290;12100;358;402;3430;2280;29600;1620;3230;1020;5680;4000;2000;945;788;126;11,7;7,79;291;1060;28;226;2200;470;1090;2990;233;1580;182;822;1560;1010;388;626;720;3,75;11,9;74,5;3560;363;17,3;2250;65,5;200;22,2;1090;2390;57,6;7,11;1820;868;2620;9460;2920;137;79;887;219;5030;6080;540;9320;621;14400;7,05;5,45;30;96,9;598;5530;1310;6610;5,08;1,49;10,7;15,6;4,69;29;44;49;342;165;3,26;2,16;0,45;30,3;0,26;Control
26;7,42;19,7;88,8;73,8;740;131;493;83,5;620;39,6;5,37;4,2;74,7;3,93;1580;214;16,8;8,88;41,2;17,4;10,1;333;54,1;136;399;38,3;62,6;2,76;19;24,7;3,37;11,5;82,8;60,7;107;172;97,7;85,7;29;1830;208;1250;41;177;10,4;530;8920;1320;33;269;1090;331;476;43,8;18,5;114;126;52,4;167;26,9;45,2;31,3;218;84,8;2,47;13,1;6,43;1,35;2,64;1,87;13,6;10,2;142;77,6;104;95,3;2140;8700;200;259;2430;1630;21900;593;1800;753;2570;1710;1020;462;498;48,8;10,8;62,1;877;2190;78;751;5290;1050;2140;4990;276;1080;114;413;1340;572;149;360;481;2,52;4,15;38,8;2230;247;12;1490;32,5;123;9,99;679;1590;46,7;2,74;1120;513;1550;7180;1680;63,3;31,3;6750;2250;16300;14800;3500;17100;2250;17900;39,2;15,4;25,5;306;2160;12500;2280;9810;13,6;3,84;24,3;24,8;16,4;83,4;67,5;127;434;213;8,87;5;1,15;50,9;0,61;Control
27;4,73;14,3;62,4;69,6;690;180;257;40,6;289;54,3;2,22;3,33;75,9;2,29;549;120;16,2;8,35;47,9;23,1;11,7;403;80,5;154;482;69;95,5;4,44;40,1;64,8;6,24;20,6;104;98,9;188;234;107;113;33,4;1970;224;1020;54,6;99,9;43,6;622;8660;1200;51,3;471;1380;450;1240;71,1;24,9;174;163;53;373;89,4;80,5;43,5;297;137;5,55;14,8;30,6;3,51;5,89;7,5;32,2;6,89;147;79,4;81,1;73,3;2540;9220;325;315;2370;1730;18300;855;2480;661;3110;2430;1290;633;509;93,3;23,3;52,3;825;2260;57,8;409;4370;1040;2040;4350;464;731;113;391;1010;597;187;365;603;2,79;6,04;41,6;2360;284;11,7;1270;64,4;126;14,8;729;1710;68;2,3;1100;592;2060;6530;1740;74,6;48,9;4910;1530;10800;10600;1550;10000;1550;13300;12,6;6,25;23,4;135;650;4020;1180;4800;4,4;2,34;8,82;10,5;10,7;22;30,6;59,8;217;151;5,27;2,46;0,42;14,3;0,6;Control
28;11,1;13,1;98,8;94,3;1160;271;887;151;1180;85,7;11,8;13,9;170;11,3;723;208;27,8;15,5;69,5;35,2;14,6;437;80,7;177;551;68,1;67,5;3,98;25;44,5;4,65;18,2;75,3;70;171;219;76,7;94,6;43,8;2500;281;1290;50,2;86,7;28,6;1500;13900;2020;49,5;401;1350;363;953;61,4;38,1;249;195;72,2;284;94,3;59,8;31;303;134;4,31;15,4;17,8;2,51;3,82;3,8;22,2;11,8;253;115;136;98;2110;8400;149;264;2210;1360;18400;953;2340;808;3340;2560;1650;609;738;75,9;26;81,3;1070;3790;123;658;7570;1440;2580;6310;509;408;77,1;280;697;679;141;361;477;4,13;14;55;2930;344;17,4;1540;41,8;162;14,9;829;1490;56,7;3,16;1240;560;1870;6500;2010;59,5;34,8;17300;7180;31000;31500;10400;34300;8290;38000;121;53,1;64,3;988;4990;22600;8340;24900;33,9;14,3;78,3;89,9;77,4;185;265;412;1500;1100;49,4;27,3;4,85;145;2,95;Control
29;12,5;27,4;28;51,7;836;213;114;25,3;338;9,51;3,12;3,33;47,3;2,29;731;170;25,6;14,6;37,2;41;17;358;60,1;187;458;64,4;89,2;6,3;40,5;62,1;9,62;23,2;91,5;99,5;125;181;99,9;83,1;78,8;2880;310;1740;44,4;99,8;24,2;1590;19400;3100;37;614;1520;480;1530;110;50,1;220;317;90,3;288;172;116;49,1;635;179;11;12,2;37;3,83;5,99;10,2;26;12,3;282;133;160;159;3120;13200;572;1150;2980;3140;15900;3150;2530;714;3400;3820;2470;1220;740;64,6;11,7;20,5;430;1260;76;428;3140;976;1040;3210;692;365;264;176;906;618;454;354;711;4,8;12,3;77,9;3420;393;21,7;2070;52,6;216;16,8;857;2410;84,1;4,66;1590;590;2040;6180;2440;92,4;62,3;675;210;3160;4250;512;8520;672;13700;15,3;7,62;23;97;864;7590;2110;10200;10,8;3,28;25,2;46,1;5,42;49,1;80,4;39,1;569;254;6,35;4,01;1,71;37,3;0,49;Control
30;13,4;29,7;80,1;74,9;830;159;515;73;794;109;4,41;5,55;224;9,71;1310;208;33,2;15;60,9;49,9;31,4;618;111;307;852;97,1;96;5,22;39,1;69,6;10,7;34,4;85,2;102;239;296;113;184;97,8;4080;408;2110;94,3;118;28,5;1700;15300;2420;62,9;467;1260;588;1180;79,2;38;236;239;159;340;73,4;85;53,9;406;182;8,33;22,3;13,9;5,94;7,45;6,87;37;19,2;275;153;168;124;3420;12500;292;394;2700;2240;20200;693;2890;786;2880;3500;1390;617;809;92;25,9;83,5;871;3020;122;451;5480;957;2920;6320;355;663;54;530;957;558;116;391;419;6,9;31,2;73,7;3970;412;17,1;2150;81,7;186;16,5;933;1950;49;6,25;1440;361;1970;7010;2200;95,8;64,6;7810;2660;21800;22300;4120;24200;3690;27300;47;19,1;36,5;398;2170;13200;3900;15100;12,9;4,19;33,4;45,9;25,5;62,5;79,1;219;954;520;10,5;7,08;0,69;71,6;0,8;Control
d1;4,8;19,2;55,5;71,2;1610;206;189;23,8;231;25;6,54;4,43;49,7;3,03;4400;658;9,12;6,57;50,6;10,8;3,42;342;49,3;84,2;306;36;99,1;3,6;25,8;24,8;2,68;8,07;86,2;105;160;190;116;122;6,4;759;41,3;702;10,8;42,3;7,08;32,5;5370;547;12,1;250;677;370;340;9,5;35,7;300;181;32,5;103;10,9;46,5;26,8;139;56,3;4,29;6,09;4,38;1,09;4,95;0,46;8,88;10,6;66,6;37,7;42,5;75,4;3000;7850;138;253;2170;1780;16400;210;1050;733;945;992;615;313;347;56,3;19,4;11,7;753;1870;43,1;359;2820;925;2340;4360;308;487;10,6;244;879;316;26,1;216;279;1,55;0,91;12,2;1100;61,3;8;999;15,3;88,6;4,65;862;1760;13,4;2,07;624;540;905;16600;492;68,3;13,9;1770;594;8480;6700;1130;13100;827;14500;18,9;8,88;30,7;345;930;7180;1520;6550;11,2;2,81;18,8;22;40,8;130;149;87,2;395;211;39,5;25,1;3,34;39,8;0,39;diabetes
d2;9,91;16,1;405;284;2900;410;1800;393;2860;273;47,3;45;583;39,9;1660;328;43,2;13;74,7;41,5;17,7;783;109;245;759;75;70,7;5,63;44,6;54,3;6,32;15;109;72,7;332;439;118;73,2;30,9;3310;169;1860;57,9;99,2;28,5;294;20700;1610;37,1;964;1420;876;722;57,3;28,3;154;120;72,2;248;97;102;120;315;142;5,95;21,8;12,6;4,75;5,38;6,23;19;18,3;249;99,7;187;210;2370;7490;255;407;2970;1710;29900;1580;1920;1130;4350;2920;1930;744;793;52,7;106;126;3640;9130;232;1210;11600;2840;6620;13800;1310;545;80,4;271;959;835;153;419;614;2,66;5,57;66,2;4190;230;13,8;2380;53,4;231;14,4;1060;1480;60,8;5,19;1590;677;1660;10100;1880;69,2;45,7;22800;14700;38900;35400;23900;44200;16300;48100;615;236;86,3;3340;19800;40100;22200;41700;266;122;461;420;486;1650;1600;1110;4560;2590;477;175;38,9;562;29,3;diabetes
d3;5,79;13,4;97,6;119;1410;332;419;70,3;598;78,3;5,54;5,75;141;6,82;728;183;14,7;8,07;41,6;23,2;9,28;276;46,6;123;370;45,7;72,3;4,01;31,7;51,2;3,95;12,6;88,4;73,3;176;202;89,4;114;28,3;1790;145;1170;36,8;98,4;20,2;848;9550;1150;20,6;427;1000;358;701;56,5;19,3;134;109;37,4;224;50,6;50,3;40,2;176;99,5;4,47;9,89;12,6;2,8;3,2;3,4;16,1;9,16;135;41,3;86,5;90,4;1240;5770;151;210;1620;1200;15900;735;1890;537;2280;1490;938;442;447;73,5;16,7;57,3;852;2200;72,5;491;4260;996;2360;5150;576;361;99,6;162;718;383;130;198;348;2,81;5,23;51,8;2270;198;6,87;1470;28,6;113;12,1;575;1070;36,7;3,12;1220;411;1700;7860;1340;65,6;33,3;7250;2510;19700;19700;4360;22700;3870;26200;46,4;26,3;50,2;540;2670;14300;4250;15700;22,5;7,08;39,1;51,6;34,2;97,3;115;234;1020;610;13,5;11,6;1,35;81,6;1,4;diabetes
d4;4,36;14,2;160;114;1470;331;561;81;898;56,1;7,51;8,21;115;10;1750;258;11,3;4,74;34;26,7;9,9;513;72,8;171;644;65,8;63,6;3,35;29,5;32,6;3,47;10,9;71,3;63,6;150;195;110;152;17,2;1640;109;980;22,3;41,3;5,75;252;10400;1220;48,9;366;727;342;710;25,6;25,1;155;123;45;211;20,3;49,3;40,3;258;102;3,33;8,22;4,3;1,94;1,97;1,2;11,9;11,4;125;68,7;86,2;84,5;2210;7440;66,5;300;2140;1430;22000;272;1860;822;1640;1140;1010;321;475;70,4;17,5;45,4;1060;3670;103;600;6640;1740;3650;7670;512;496;18,6;304;987;370;36,3;243;320;2,01;3,05;33,9;2030;146;11,4;1270;44,1;103;5,03;679;1390;21,7;3,82;1090;500;1600;7810;1290;46;20;5550;2050;17700;17500;4250;20200;3310;23300;38,4;14,5;39,8;519;2950;15300;4780;16400;18,1;5,66;37,3;46,7;24,5;125;159;334;836;577;16;11,3;1,59;69;1,52;diabetes
d5;4,96;16,6;142;109;1580;265;704;93,7;1040;88,6;12,5;13,1;208;15,3;1080;237;21,4;7,5;49,8;20,2;14,7;400;63,5;164;632;68,2;84,8;4,6;30,8;47,7;3,92;12,8;116;83,8;276;347;190;201;25,8;1950;129;1130;39;66,7;8,26;204;8100;826;17,6;306;749;333;513;24,8;33;215;193;54,9;139;27,2;63,6;31,3;202;63,6;4,17;9,49;5,95;2,3;4,64;2,8;16,4;6,97;123;47,1;77,4;68,2;1650;6050;81,5;175;2000;1110;15500;184;2040;656;2060;1260;913;317;569;94,3;31,1;71,3;1540;4620;102;1080;7760;2170;4460;8570;680;347;33,2;136;675;321;45;176;324;2,42;3,61;26;2550;175;7,2;1550;31,3;124;6,03;702;1200;22,2;4,52;1360;432;1900;11600;2020;95,9;48;6560;2280;20400;20000;4480;24600;3570;26900;37,7;22,1;52;663;3770;19300;5300;20100;20,5;8,97;48,9;64,2;53,3;211;277;267;1180;564;41,4;32,1;6,08;110;2,71;diabetes
d6;4,55;12,1;108;104;1280;266;883;140;1230;104;15,2;13,7;206;12;1240;274;24,1;7,16;44,9;25,6;17,7;364;54,8;135;459;51,4;65,1;3,26;21,2;30,3;3,13;9,94;96,9;72,1;219;321;164;135;20,8;1890;140;955;40,7;78,6;12;400;8160;1070;28,2;362;1060;316;627;26,2;27,7;185;149;39,8;196;31,2;55,7;30,7;230;83,1;4,49;17,3;12,9;1,53;2,82;1,16;10,4;8,96;131;65,2;56,2;69,2;1790;6520;123;240;2230;1140;19900;494;1470;726;2340;1590;836;380;464;62,2;29,2;151;2200;5470;130;1500;11200;2730;4930;10200;816;679;55,3;329;857;400;80,9;242;340;2,04;3,09;29,9;2480;198;10,9;1280;30,2;106;7,93;728;1270;31,9;1,7;998;467;1360;8080;1310;50,9;25,1;12000;4660;24500;23700;8060;27500;5530;29600;75,2;37,9;52,4;1020;5350;23000;7230;22800;36,5;14;83,1;84,6;73,4;287;305;398;1260;676;38,7;32,7;6,07;147;2,38;diabetes
d7;5,42;10,8;68,2;68,7;1700;280;316;74,1;917;28,9;34,6;19,5;126;6,25;2540;924;11,7;3,9;32,5;8,91;3,38;234;32,8;66,3;210;24,3;92,2;3,57;24,4;26,1;2,56;8,2;81;92,7;244;272;298;166;24,1;1300;63,8;879;24,4;152;23,3;250;11200;1670;45,9;396;980;322;729;42,3;26;181;117;33,1;217;62,8;42,4;26,4;175;80,9;3,12;10,2;15,9;1,3;3,63;1,72;11,9;8,74;98;44,4;64,8;77,9;2250;7440;224;398;2310;1930;17200;558;1030;668;1850;1690;995;484;356;32,3;24,6;24,5;1480;3240;119;1030;6550;2480;3170;6600;870;766;74,3;428;1310;410;138;280;482;2;1,95;20,5;1700;111;8,77;1130;32,9;136;8,3;761;1560;48,4;2,08;665;615;1050;14300;553;80,1;16,9;1250;506;8430;7140;2150;17300;1300;17500;27,9;26,3;27,6;965;2860;15900;3600;15500;31,9;7,57;57;55,4;451;577;542;112;641;221;757;367;26,1;71,9;3,67;diabetes
d8;6,43;24,3;109;77,4;979;135;273;51,8;435;34,1;4,35;1,96;73,9;3,85;700;236;15;6,41;35,6;16,8;9,94;307;44,4;144;447;42,6;122;3,5;20,1;29,8;3,27;12,6;99,3;125;217;231;102;116;16,9;1640;65,4;1350;15,1;44,7;7,69;126;7030;473;29,2;437;1160;329;599;21,5;16,4;154;175;48,2;187;34,4;31,4;30,3;161;46,8;3,17;12,8;13,8;3,11;4,62;4,38;17,5;7,36;116;51,3;78;57,7;2700;6650;92,3;285;1810;1800;16500;512;1620;752;2250;2180;2090;769;488;70,3;24,2;23,5;1130;2280;76,9;681;4050;833;3210;7200;670;493;76,5;251;1430;439;121;285;627;2,34;1,71;29,4;2130;88,2;8,09;1700;17,9;144;6,32;874;1260;39;2,47;1130;565;1440;11400;1310;90,3;39;1860;744;9610;8690;2300;16400;1800;18700;33,2;10,8;32;239;2180;11500;3430;10700;15,5;6,03;29,2;35,7;12,9;79,2;95,8;110;492;255;9,04;6,46;1,36;55,5;0,75;diabetes
d9;6,08;15,5;32,3;31,4;610;69,1;104;16;247;22,3;3,09;1,08;58,7;3,26;1050;242;8,16;8,45;28,3;7,58;5,71;189;36,9;88,2;286;33,4;56;2,79;14,4;30,3;3,29;16,3;48;57,5;105;119;133;97,2;15,5;1030;103;734;23,1;20,4;2,66;136;4970;633;15,7;397;764;361;390;14,6;14,5;105;73,4;38,3;128;18,4;23,9;27,8;211;74,9;2,5;10,8;5,93;3,42;9,35;2,32;18,5;2,87;85,4;55,8;45,4;36,2;2770;5780;63,3;173;1300;1380;16800;313;688;401;1190;1170;960;306;376;56,3;15,6;37,4;623;1140;45,8;449;2500;1060;1450;3030;318;339;19,2;158;650;188;29;96;160;2,59;2,39;28,1;1430;153;12,2;1000;19,5;92,4;4,44;572;1150;18,3;2,53;444;434;715;11300;1350;154;68,5;1050;250;3650;3700;425;7380;390;7880;6,43;3,6;12;92;490;7550;815;6380;5,78;1,44;14,7;16,1;6,93;60;61,8;56,5;410;165;8,2;6;1,32;41,8;0,4;diabetes
d10;5,18;18,7;72;55,4;1070;234;236;24,9;441;26,5;3,04;3,09;73;3,14;1630;287;11,1;3,37;39,8;14,9;9,01;330;64;171;505;66,9;74,3;4,06;24;36,3;4,91;16,7;56,6;76,8;211;202;89,9;110;14,3;1290;81,2;1320;20,6;33,1;9,5;64,2;8910;658;15,9;325;1060;294;700;18,1;23,7;160;112;42,1;154;41,7;53,6;31;163;51,4;2,9;12,2;13,3;2,98;4,34;3,67;13,6;7;98,7;48,9;96;65,8;2570;7750;27,8;310;1830;1600;12300;376;1890;519;1750;1990;1060;653;412;49,6;19,3;16,2;813;2890;86,2;391;4210;1300;2920;4720;723;270;19,7;176;610;280;48,8;206;343;2,19;2,17;18,6;1760;104;8,6;1780;24,9;144;7,97;823;1530;35,6;3,87;883;597;1800;9690;1610;94;44,9;2120;483;11300;12400;1250;18200;1450;22700;16,1;10,7;39,8;221;1250;11600;3140;13000;13;3,15;28,6;37,5;20,1;84,6;134;104;563;347;22,2;14,1;0,94;49,3;1,28;diabetes
d11;2,94;9,5;91,6;102;2130;187;191;29,9;273;20,9;3,65;2,28;58,2;1,84;1030;444;12,7;9,01;34,5;7,99;2,53;237;26,4;81,3;278;24,3;32,3;3,78;21,5;27,6;2,9;9,09;49,6;30,1;118;158;288;129;12,4;1180;69,8;1000;8,06;42,8;4,71;97,5;6210;672;12,5;312;631;276;311;9,5;38,7;264;148;34,7;69,8;33,5;50,6;28,2;157;46,8;6,26;6,01;3,59;2,44;4,35;1,26;13,1;3,64;85,7;45,9;69,8;100;1970;4190;28,2;185;2300;1310;12400;201;873;744;1040;796;847;304;384;71,3;28,9;60,6;1570;3720;121;994;6710;3470;2320;3840;328;223;14;157;479;133;36,9;116;194;2,21;2,25;18,5;1580;93,9;6,35;1250;10,2;73,5;1,51;416;798;23,6;0,94;509;365;847;12100;781;76,6;21;2320;378;7970;5860;904;8200;612;8340;6,93;4,36;11,3;120;784;6000;1240;5380;5,15;1,71;14,9;18,1;13,5;51,9;56,8;33,9;204;61,7;12,1;5,96;0,67;17,2;0,28;diabetes
d12;5,01;16,2;41,4;52,8;724;114;244;32,2;402;21,7;5,54;4,72;63,1;4,17;1910;282;11,5;6,24;33,4;14,5;9,37;325;51,3;119;443;58,6;67,1;4,25;28,4;42,7;4,68;15,1;55,1;72,6;287;215;173;103;18,5;1900;88,4;1450;21,4;175;9,63;47,8;9460;793;12,5;183;474;201;427;7,53;28,3;181;117;28;79,3;42,4;73,6;22,8;87,2;35,6;5,11;6,91;6,63;1,95;2,63;1,93;17,1;7,02;101;74,2;92,3;77;2920;9570;86,7;355;2580;2400;11000;305;1680;555;918;1160;889;437;285;56,5;31,9;52,7;2030;7270;176;626;7080;3120;4110;5320;993;310;32,1;109;652;224;71,9;147;357;2,09;2,57;24,7;2360;113;10,3;1730;34,7;122;5,51;791;1760;36,4;2,21;901;621;1410;9310;1040;81,6;30,9;1750;421;9230;9400;1100;16000;1150;19400;15,5;9,61;37,1;236;1140;10300;2430;11400;11,6;3,92;29,6;38,9;15,3;92,6;136;87,2;463;252;13,9;11,7;1,94;42,7;1,09;diabetes
d13;11,1;16,2;52,4;57,1;842;130;169;23,5;238;44,8;3,53;2,77;99,5;3,65;2080;276;12,8;5,22;29,5;17,8;9,56;238;40,6;117;420;45,3;101;5,24;30,5;47,3;4,77;17,8;107;106;232;286;154;191;29,1;1630;124;1050;42;65,1;33,4;409;8460;1410;23,5;538;1040;470;646;63,1;15,8;103;85,1;48,5;214;51,1;48,8;40;307;116;3,65;18;12,6;3,72;5,79;4,09;21,9;9,43;91,3;55,4;81,5;57,9;1820;6150;125;249;1490;1280;17000;595;1670;590;2320;1800;943;554;454;71,3;25;35;607;1140;49,4;273;1860;738;1850;3990;436;403;76,7;231;1100;366;117;243;446;3,11;3,07;32,1;2130;166;8,49;1360;53;147;17,3;684;1190;30,4;2,7;1120;465;1510;8300;1570;77,4;40,9;797;262;3480;3480;479;5620;492;6870;7,5;6,48;12,7;75,2;400;3300;653;3680;5,08;1,75;9,73;15,3;6,46;25,1;30,5;51,3;368;155;3,25;2,17;0,6;30,5;0,25;diabetes
d14;3,41;11,4;104;107;797;141;385;68,5;489;28,8;6,07;6,39;86,6;3,15;1880;369;13,9;2,85;31,2;18,4;8,25;377;55,7;121;367;39,7;88,8;4,91;30,3;38;3,07;9,73;116;86;191;310;131;124;29,1;1460;49,9;997;23,4;107;13,3;102;7480;558;22,5;256;878;288;429;20,2;22;171;105;30,8;104;22,4;39,5;28,3;92,7;38,8;2,62;5,8;6,13;1,21;2,07;1,31;13,2;4,16;51,7;18,4;36,9;72,1;1570;5960;133;292;2550;1240;13300;460;1930;753;1600;1120;1330;383;379;62,9;11,2;9,27;578;2320;97,1;432;5400;1450;2140;5560;759;569;97,1;280;971;591;127;416;613;1,94;2,71;27,1;1760;76,5;2,64;1220;22;103;6,87;709;1010;23,9;1,48;1240;249;1550;6650;716;56,1;17;902;356;6080;5840;1300;13100;1400;17400;16,2;6,41;28,4;204;1560;10100;3030;10400;10,1;3,89;24,2;25,7;12,5;87,2;113;49,8;347;164;12;9,26;2,13;29,6;0,7;diabetes
d15;6,91;33,7;37,7;65,4;1530;191;484;71,8;526;66,9;27;21,5;131;6,62;8760;2180;21,5;6,59;58,1;42,7;16,5;771;112;94,6;556;67,5;68,9;5,69;94,8;112;5,27;27,9;60,6;70,8;329;296;132;111;29,3;2050;73,7;1560;44,7;50,1;26,1;142;12400;792;23;454;1580;1000;743;38;66,6;574;295;79,2;315;72,1;98,9;100;189;89;5,63;13,7;22,7;2,57;6,72;5,42;29,8;12;166;62,8;130;77,6;3470;10100;80,3;416;2790;2470;15900;863;1430;787;1920;2320;1010;716;710;107;55,7;33,9;2140;5320;140;912;6410;1720;5780;8760;912;303;58;162;664;351;140;302;621;1,76;1,4;23,9;2550;98,1;10,4;1980;31,6;174;9,73;1060;1870;19;5,11;1210;625;1240;16200;591;78,3;19,9;5210;2150;15600;13300;3170;17800;2270;20500;51,3;32;41,5;1180;2280;12800;3140;13100;32,5;10,9;58,5;56,5;395;415;542;156;778;495;291;247;19,2;68,6;3,6;diabetes
d16;6,49;16;149;104;1620;239;536;79,3;642;58,4;8,05;5,99;105;6,71;2750;309;16,3;5,71;30,5;17,1;7,78;252;35,4;122;275;30;58,3;2,86;14,3;20,8;2,52;6,36;78;58,7;156;189;74,6;96,8;23,7;1910;126;1200;35,6;46,2;30,3;393;7260;945;28,7;319;1370;211;597;33,1;18,8;118;74,1;29,6;223;38,2;27,3;18,5;196;71,6;2,5;9,4;13,1;0,86;1,98;1,85;7,61;8,36;127;46,8;70,2;76,6;1550;4480;77,6;187;1610;1050;14200;567;1650;567;3010;1800;1970;507;355;49;27;53,5;989;2650;61,3;493;4500;959;2540;5290;625;423;58;204;566;606;87,7;300;433;2,07;3,03;33,5;2570;176;7,95;1560;24,5;122;13,2;749;919;40,7;2,55;1410;490;1540;10300;1140;45,6;15,9;7310;2390;19700;18200;4130;21200;3030;22900;37,9;15,9;41;528;2490;13200;3490;11900;12,9;5,37;29,3;27,7;29,4;108;110;221;722;528;10,2;7,25;1,99;68;0,65;diabetes
d17;5,6;13,8;36,9;32,2;469;76,2;327;28,1;364;62,8;2,49;3,22;118;5,18;2540;233;16,2;5,05;31,5;24,4;9,79;430;64,1;149;446;43;129;4,24;22,4;27,4;1,97;6,85;128;133;258;298;75,1;85,5;21,8;1730;63;1350;16,8;146;14;71,7;5660;444;18,3;412;1350;231;534;27,7;17,4;105;82,2;35,9;216;31,1;25,9;24,6;138;59,4;2,14;10,7;14,5;1,58;1,77;2,15;6,85;11,1;113;52,5;83,6;87,7;2120;6490;193;389;1850;1690;15200;754;1440;644;2550;2460;1930;955;383;45,3;28,3;13,7;585;1610;65,6;345;2460;568;3140;4820;407;990;130;455;1830;765;254;527;990;2,23;2,28;24,2;2490;98,2;10,7;1880;23,5;132;11,7;855;1410;50,8;2,71;1140;567;1390;7300;945;55,4;25,9;1420;366;8790;8920;839;13200;957;17000;11,6;7,14;33,5;140;719;5860;1660;7400;10,3;2,13;20;21,2;10,2;40,5;66,2;91,8;476;272;8,37;5,05;0,5;24;0,94;diabetes
d18;5,73;17,2;87,6;68,9;1070;175;742;95,2;905;42,4;9,94;12,2;79,4;5,94;1300;202;15,2;6,33;39,3;25,7;11,9;513;63,3;218;581;58,5;85,7;3,65;26,5;29,8;3,46;10,2;108;96,1;263;350;153;95,7;16,7;1300;91,1;813;24,6;45,6;8,62;126;9160;926;21;190;1130;222;818;27,9;31,7;217;174;55,2;173;16,6;59,1;27,8;184;63,6;4,41;10,2;7,98;2,3;2,15;1,82;10,2;6,16;107;42,6;67,5;94,1;1750;8280;63,6;280;2390;1570;17200;286;1620;754;2520;1840;1190;488;468;49,3;37,4;58,3;1820;5980;139;1030;10000;2850;3700;7480;904;641;27,6;293;1020;618;54,6;265;522;1,99;2,18;23,4;1780;136;8,88;1100;18,6;99,4;6,61;424;1620;28,9;1,96;967;471;1460;7450;1300;58;26,9;7650;2710;21000;20300;4990;24000;4110;26600;41,4;21,9;51,9;691;3170;16400;5020;18300;17,6;8,02;43,8;51,5;32,6;180;219;197;573;408;22,7;12,2;3,81;64,7;1,04;diabetes
d19;7,41;23,9;91,2;72,7;1320;209;379;58,6;578;37,7;8,93;8,32;98,5;5,24;2360;328;16,1;6,03;40,2;23,5;10,5;375;54,2;170;465;57,6;98,9;3,54;23,1;34,2;3,91;11,5;90,2;90,2;206;272;68,5;115;17,5;1610;83,9;1200;20,5;64,9;7,03;120;8100;595;10,9;351;844;258;639;31,6;21,9;174;123;38,8;203;26,6;28,9;18,5;198;54,2;3,01;8,83;8;0,91;3,11;3,21;13,6;7,71;103;26,1;101;95,1;1590;3810;84,9;226;1530;1320;10800;398;1930;585;2700;1670;1370;644;361;63,9;17,7;8,73;303;937;31,3;201;1670;305;1350;3270;253;153;18,6;141;534;288;43;222;443;2,42;2,81;25,8;2210;121;4,5;1650;25,8;157;8,52;763;817;20,2;2,83;1200;510;1860;11700;1280;74,8;37,4;1420;567;9950;9750;1810;16500;1800;19600;20,5;9,84;30,2;304;2090;12800;3520;14500;17,5;5,86;35,5;47,6;23,3;127;200;118;586;316;19,8;19,3;2,6;69,9;0,72;diabetes
d20;3,26;23,1;68,2;57,4;662;134;176;18,9;241;22,8;2,28;3,36;45,5;2,74;1440;180;13,4;4,08;35;18,3;12,1;301;55;120;373;43,1;76,8;3,71;28,6;36,8;3,77;13,5;96,2;74;149;180;56,1;93,3;19,1;1560;85;1370;20,2;82,1;14,6;93,7;10000;715;13,6;328;1010;275;710;18,5;25;161;150;50,3;151;32,1;54,6;29,3;170;54,6;3,5;5,27;8,21;1,33;1,92;1,96;14,8;7,01;119;38;98,6;76,8;1620;7390;85;312;2250;1470;15200;427;2020;647;2250;1660;1180;536;480;68,1;11,2;6,22;310;1590;47,1;153;2780;624;1340;2900;269;433;38,4;212;867;322;86;197;457;2,12;1,72;35,3;2060;117;5,48;1840;23;132;10,7;643;1570;19,4;2,43;1360;512;1900;6390;1440;63,2;33,8;1130;297;6560;8510;641;10900;1040;18700;9,67;6,62;31,7;119;629;5670;1810;8870;3,89;1,02;12,3;16,9;7,21;37,7;71,2;52,2;282;198;3,92;4,39;0,26;17,3;0,69;diabetes
d21;5,45;22,1;68,4;87,7;1000;212;157;21,1;273;11,8;2,05;2,75;38,1;1,93;363;95,4;11,9;7,7;41,7;16,3;7,77;382;81;143;468;69,1;118;5,24;40,9;46,7;4,93;17,8;132;118;178;263;119;95,6;26,3;1380;108;1220;45,8;109;7,97;110;11600;1000;19,3;396;1050;376;879;21,4;30,1;197;149;46,9;199;22,6;85,5;44,4;249;79,7;7,1;11,4;8,89;3,27;3,27;3,88;19;11,1;109;58,9;70,1;54,6;3280;11800;102;527;3930;2890;21600;242;2270;966;2350;1980;1810;831;512;80,2;12,2;8,59;452;1670;56,5;290;3160;1080;1460;3350;300;926;18,7;446;1140;563;40,6;353;522;2,73;4,92;35,9;1670;136;8,32;1510;42,1;175;4,1;681;2350;50,1;2,84;1120;832;1880;7540;1470;59,4;31,3;871;243;4440;4070;640;9410;668;12400;9,94;7,19;21,4;110;788;6980;1520;7810;7,53;1,82;14,4;18,4;8,32;38,6;57,5;53,6;228;95,7;5,08;3,98;0,55;25,2;0,59;diabetes
d22;7,07;15,4;72,2;87,7;1220;192;1540;185;2670;231;42,2;37,5;660;29,6;1610;328;20,5;5,96;40,1;17,9;9,51;247;40,9;119;390;44,3;88,1;4,56;32,3;51,9;6,23;16,3;105;87,6;412;519;337;164;64,4;3000;239;1410;87,1;92,6;34,5;1150;11800;1380;51,4;382;1320;519;1420;72,5;29,9;159;188;84,1;343;143;117;39;424;178;6,5;24,9;40,1;2,76;4,84;4,97;18,2;5,44;140;65,5;97,2;107;1980;8760;214;245;2070;1220;21000;841;1860;579;3420;2860;816;559;690;60,4;63,8;143;2740;8160;180;2090;14900;4900;4950;9220;1610;803;150;263;1420;572;217;314;717;3,23;4,69;54,8;3700;301;11,3;1670;62,4;115;12,5;730;1650;51,4;5,01;1030;462;1530;8260;1620;68,9;34,8;15700;6830;30500;30300;11700;37100;7680;39600;105;99,4;102;2400;9250;31200;11400;31400;168;35,2;251;217;225;953;965;772;3450;1870;216;158;24,9;318;8,28;diabetes
d23;7,22;29,1;125;94,9;1180;193;263;40,1;389;33,5;4,15;3,14;63,8;5,02;1810;263;43,9;13,1;66,8;29,3;16,4;312;53,2;163;458;56,3;52,1;3,11;15,4;29,4;4,24;11,9;65,8;55,4;154;177;89,9;103;56,9;3670;159;2150;40,9;76,3;13,7;224;10100;814;24,3;313;958;311;450;21,2;31,2;192;239;49,7;150;32,5;42,5;28,3;133;54,3;5,33;7,02;7,73;2,26;3,38;2,32;13,6;11,2;191;88,1;101;131;2380;7480;118;354;2130;1810;16000;425;2850;681;2270;2160;1540;692;569;88,6;27,1;52;1290;3370;88;570;4990;1250;3080;6030;553;254;50,5;221;1130;300;97,7;175;549;3,02;5,16;57;4500;233;15,4;2580;44,3;177;15,8;970;1450;32,6;2,98;1890;701;2530;8370;1920;78,3;48,5;2410;790;10900;10300;1820;14200;1480;17000;21,9;10,5;30,4;228;1200;7790;1980;7530;10,1;2,78;22;28,8;9,53;54,3;67,8;108;431;224;7,25;5,17;1,3;41,8;0,41;diabetes
d24;4,68;19,2;122;115;1340;266;320;72,1;655;68,3;5,59;8,15;201;8,28;517;163;17,9;5,65;39,4;22,5;9,9;417;72,5;152;538;62;85,5;6,12;36;47;4,91;17,8;81,5;86,5;251;429;190;177;35,2;2330;135;1260;61,8;51,5;5,73;519;14400;1490;49,8;481;835;367;1170;63,4;31,1;186;144;77,4;355;142;80,7;46,1;316;112;5,05;9,07;13,7;3,23;3,19;3,28;24,6;7,01;96,3;52,6;73,5;78,5;2200;8010;72,3;344;2130;2280;17200;494;2230;835;2080;2230;1570;846;723;84;18,7;45,6;1270;5300;235;1220;12100;3540;5540;14300;1650;186;33,3;172;934;287;93,4;226;476;3;2,82;60,7;2900;174;8,86;1570;52,6;165;7,87;551;1510;23,5;4,77;1260;686;1920;10600;2400;84,1;34,5;2150;1130;14300;17000;3490;23400;4380;29500;49,4;13,8;47,2;442;4050;19800;8800;24300;19,1;7,73;47,2;81,7;44,6;118;202;270;1180;672;52,4;20,8;2,35;103;3,3;diabetes
d25;5,23;20,1;67,2;65,8;863;172;197;32,7;376;19,2;5,12;3,61;60,9;3,11;1180;211;12,7;4,01;29,9;19,2;8,17;237;33,9;106;328;37,3;52,1;3,14;21,5;36;3,71;14;73,1;53,8;152;199;123;101;22,1;1770;139;1140;35,2;39,2;7,05;209;9870;1060;20,3;328;947;306;784;23,6;25,9;198;175;43,6;201;69,4;53,7;21,7;224;83,5;4,64;9,53;11;2,58;4,22;3,52;16,1;5,87;82,3;38;47;53,1;1460;5210;69,4;199;1970;1290;12800;320;1820;558;1780;1110;880;442;433;66,5;12,9;14,9;557;1830;59;437;3690;1250;1600;3510;506;507;30;257;908;341;50,5;219;435;2,3;2,48;28,7;2250;182;5,59;1450;47,8;157;3,81;685;1010;17,6;2,51;1210;473;1650;8570;1310;75,8;32,4;1060;319;5430;5910;857;11300;913;15500;12,3;8,37;25,4;138;1070;9040;2110;11200;9,74;2,19;19,6;29,7;9,8;63,3;83,1;44,5;392;160;9,66;6,27;1,07;31,9;0,67;diabetes
d26;11,5;18,2;106;84,5;1090;175;572;78;1130;113;11,5;7,13;345;14;1450;192;17,4;6,68;27,9;35,5;11,9;250;36,7;135;352;32,8;57;3,03;18,8;36,2;5,6;14,9;64,8;58,9;359;388;202;198;46,6;3290;238;1370;63,3;99,7;5,6;599;14200;1410;41,5;389;506;379;622;30,7;25,8;156;136;41;137;18,4;49,2;27,9;203;67,2;5,66;6,44;1,53;2,63;3,53;1,96;19,8;8,23;125;81,2;75,6;98,6;2100;7950;139;506;2240;1960;17000;384;2190;605;1230;1210;695;455;444;73,9;43,3;371;4210;9340;268;1220;12200;4510;10300;16000;1600;797;34,6;290;1240;398;73,3;243;415;3;5,53;43,8;3630;284;13,1;1590;44,5;127;6,73;769;1410;39,8;4,08;1360;572;1790;10000;1460;72,4;32,6;6220;2250;21500;21300;4660;27200;3090;28500;54,9;49,5;45,5;643;3060;18200;4230;17400;28,3;7,41;58,9;57,5;27,7;117;114;340;1190;553;12,3;9,11;1,95;119;1,3;diabetes
d27;9,2;13,5;106;126;897;220;1210;209;1420;107;16,6;13,8;145;10;1860;210;20,1;7,12;33,5;52,8;21,5;522;84,8;115;561;75,5;61,4;4,69;59;70;3,92;17,3;81,9;60,4;230;312;129;112;32,4;2850;217;1370;31,5;50,6;9,86;598;13200;1640;52,2;278;1260;503;992;39,8;24,4;160;99,2;47,4;294;57,1;126;63,7;274;153;4,27;15,1;14,5;2,65;2,63;4,89;24,9;7,37;159;87;88,6;71,5;1970;7480;116;263;1980;1320;23000;519;1680;681;3510;2270;1240;560;427;75,9;30,2;117;1890;6550;189;1290;11800;2700;4400;8960;789;1220;47,5;506;1170;775;81,1;344;509;2,24;4,28;52,5;3270;247;12,7;1520;47,5;139;7,15;607;1340;26,3;2,66;1250;419;1320;4210;920;33,4;24,5;21400;12100;32400;30100;13400;31700;9200;34000;140;59,1;61,2;1470;6780;22700;8460;22300;45,2;15,5;72,7;69;145;258;255;411;1140;719;69,4;27,7;3,67;115;5,87;diabetes
d28;3,39;9,88;54,4;38,5;501;95,3;245;30,5;354;25,7;3,09;4,31;49,8;2,97;1070;186;10,7;4,62;30,1;15,1;6,45;262;40,9;87,6;263;27,7;51,6;4,34;28,2;38,7;3,05;12,3;70,9;53,1;178;196;143;140;15,3;1250;102;686;33;42,6;14,9;130;7660;638;25,3;352;888;345;413;18,8;22,9;155;132;78,7;102;52,6;55,3;44,9;190;56,4;3,85;7,71;4,73;1,71;3;3,47;12,3;3,84;65,9;29,6;54,2;80,3;1150;4040;51;131;1770;952;11900;237;1200;585;1420;824;739;307;596;66,5;15,9;21;588;1640;42;356;2910;1030;1400;3370;401;261;29,2;171;542;228;58,4;170;258;2,18;2,85;19,8;1610;136;5,17;884;31,2;88,6;3,32;453;718;26,5;1,39;656;347;1030;4900;1050;48,8;27;1580;363;7790;7840;808;9960;867;14700;7,58;4,37;21,3;113;798;7050;1770;9120;5,59;1,3;12;18;6,23;42,7;69,7;46,9;382;217;5,19;4,35;0,66;36,6;0,36;diabetes
d29;5,15;24,5;73,7;83,7;1210;233;279;43,6;453;26,2;3,67;5,97;67,8;3,74;781;173;18,8;8,14;49,4;29,4;16,9;581;96,8;243;734;72,3;79,4;5,29;36,4;50;4,95;15,1;93,6;81,8;185;282;129;124;27,3;2020;154;994;41,3;242;52,5;487;11700;870;55,7;428;1130;454;983;43;27;146;123;37,8;220;29,2;70,8;42;275;103;5,84;9,35;12,6;2,3;4,12;3,65;18,1;7,83;120;57,3;64,8;79,4;2030;7560;216;270;2730;1500;17200;692;1930;686;2320;1850;1160;483;433;59,4;14,3;21,2;861;3410;93;738;7600;1870;2520;6660;618;668;164;348;1410;619;257;389;711;2,94;6,95;48;2500;231;10,4;1210;48,9;116;13,1;705;1420;80,3;3,13;1100;306;1630;8440;1550;65,8;36,5;1490;486;8730;10000;1280;15600;1540;22500;13,9;6,21;34,7;198;1550;13500;3580;16200;10,3;2,67;27,1;41,5;10,9;87,7;139;88,4;596;272;9,55;6,71;2,23;49,7;0,89;diabetes
d30;8,98;29,4;49,5;70,5;1010;191;225;35,4;516;25,2;5,74;5,21;88,4;3,68;998;266;14,2;10,6;41,7;21;10,8;372;58,2;172;498;53;61;5,69;38,9;61,9;7,28;21,6;78,3;62,8;195;223;152;133;28,2;1990;160;1240;51,1;134;25,8;996;12400;1970;46,5;713;2170;675;1780;111;41,6;271;164;54,1;557;186;81,4;52,8;477;224;6,11;31,4;35,9;3,88;5,84;5,95;29,2;9,54;151;61,6;114;57,9;2310;7930;230;433;2600;1760;20400;1060;2530;820;4170;3480;1780;1180;643;93,2;15,7;28,8;876;2240;66,2;617;4610;1740;2320;5320;1060;825;147;367;1510;667;241;483;971;2,75;3,4;37,7;2310;203;9,67;1530;48,8;144;13,2;794;1570;50,9;4,81;1260;602;2070;9230;1540;70,6;43,5;1240;407;6670;6510;1150;15700;946;19500;13,2;10,3;26,1;238;1460;13600;2480;15700;16,7;2,87;37,8;43,9;13,7;101;154;93,3;635;267;12,8;12,3;2,03;55,8;0,65;diabetes
